종목코드,종목명,종가,대비,등락률,EPS,PER,선행 EPS,선행 PER,BPS,PBR,주당배당금,배당수익률
"095570","AJ네트웍스 ","5410","-50","-0.92",,,,,"6089","0.89","210","3.88"
"006840","AK홀딩스 ","19300","-100","-0.52",,,,,"50471","0.38","400","2.07"
"027410","BGF ","5290","-20","-0.38","285","18.56","136","38.95","15781","0.34","110","2.08"
"282330","BGF리테일 ","145500","-500","-0.34","7103","20.48","10381","14.02","40317","3.61","2400","1.65"
"138930","BNK금융지주 ","8400","0","0.00","1498","5.61","2685","3.13","26781","0.31","320","3.81"
"001460","BYC ","450500","-11500","-2.49","21904","20.57",,,"538911","0.84","1100","0.24"
"001465","BYC우 ","184500","500","0.27",,,,,,,"1150","0.62"
"001040","CJ ","83400","-1100","-1.30","2581","32.31","11989","6.96","130202","0.64","2000","2.40"
"079160","CJ CGV ","25050","100","0.40",,,,,"3812","6.57","0","0.00"
"00104K","CJ4우(전환) ","70500","-1500","-2.08",,,,,,,"2000","2.84"
"000120","CJ대한통운 ","126000","-500","-0.40","5683","22.17","8692","14.50","146331","0.86","0","0.00"
"011150","CJ씨푸드 ","3800","80","2.15","58","65.52",,,"1823","2.08","0","0.00"
"011155","CJ씨푸드1우 ","36850","-50","-0.14",,,,,,,"0","0.00"
"001045","CJ우 ","53800","-200","-0.37",,,,,,,"2050","3.81"
"097950","CJ제일제당 ","387500","-1000","-0.26","42783","9.06","39913","9.71","321970","1.20","4000","1.03"
"097955","CJ제일제당 우 ","177500","-1500","-0.84",,,,,,,"4050","2.28"
"000590","CS홀딩스 ","64100","100","0.16","6657","9.63",,,"210057","0.31","500","0.78"
"012030","DB ","950","6","0.64","33","28.79",,,"1559","0.61","0","0.00"
"016610","DB금융투자 ","6580","50","0.77","2327","2.83",,,"18855","0.35","300","4.56"
"005830","DB손해보험 ","54000","0","0.00","9171","5.89","9237","5.85","90596","0.60","2200","4.07"
"000990","DB하이텍 ","72700","-400","-0.55","3822","19.02","7937","9.16","17851","4.07","350","0.48"
"000995","DB하이텍1우 ","102000","0","0.00",,,,,,,"400","0.39"
"139130","DGB금융지주 ","9380","-40","-0.42","1908","4.92","3000","3.13","29493","0.32","390","4.16"
"001530","DI동일 ","277000","1000","0.36","10465","26.47",,,"194867","1.42","1500","0.54"
"000210","DL ","60900","-700","-1.14","13077","4.66","17774","3.43","67178","0.91","1300","2.13"
"001880","DL건설 ","27150","50","0.18","7953","3.41","7081","3.83","34403","0.79","550","2.03"
"000215","DL우 ","37000","-700","-1.86",,,,,,,"1350","3.65"
"375500","DL이앤씨 ","119000","-1000","-0.83",,,"30635","3.88",,,"0","0.00"
"37550K","DL이앤씨우 ","69800","-400","-0.57",,,,,,,"0","0.00"
"004840","DRB동일 ","5260","80","1.54","121","43.47",,,"17702","0.30","50","0.95"
"155660","DSR ","5730","80","1.42","558","10.27",,,"10087","0.57","50","0.87"
"069730","DSR제강 ","4730","20","0.42","367","12.89",,,"10157","0.47","40","0.85"
"017940","E1 ","48200","400","0.84","10427","4.62",,,"172701","0.28","2200","4.56"
"383220","F&F ","945000","-34000","-3.47",,,"78133","12.09",,,"0","0.00"
"007700","F&F홀딩스 ","33300","-800","-2.35","5599","5.95",,,"35801","0.93","1000","3.00"
"114090","GKL ","13150","50","0.38",,,"120","109.92","7863","1.67","0","0.00"
"078930","GS ","39100","-400","-1.01",,,"10729","3.64","88213","0.44","1900","4.86"
"006360","GS건설 ","39600","-900","-2.22","3919","10.10","6917","5.72","51311","0.77","1200","3.03"
"001250","GS글로벌 ","2370","15","0.64",,,,,"3465","0.68","0","0.00"
"007070","GS리테일 ","30400","-400","-1.30","2187","13.90","3613","8.41","29928","1.02","900","2.96"
"078935","GS우 ","35000","-100","-0.28",,,,,,,"1950","5.57"
"012630","HDC ","10450","-50","-0.48","1869","5.59",,,"37479","0.28","250","2.39"
"039570","HDC랩스 ","12200","-200","-1.61","1012","12.06",,,"9958","1.23","400","3.28"
"089470","HDC현대EP ","5950","30","0.51","477","12.47",,,"9177","0.65","140","2.35"
"294870","HDC현대산업개발 ","22900","-400","-1.72","3622","6.32","5857","3.91","41620","0.55","600","2.62"
"011200","HMM ","26900","-700","-2.54","103","261.17","14688","1.83","5164","5.21","0","0.00"
"082740","HSD엔진 ","8340","20","0.24","184","45.33","150","55.68","5892","1.42","0","0.00"
"003560","IHQ ","1475","25","1.72",,,,,"808","1.83","0","0.00"
"175330","JB금융지주 ","8350","130","1.58","1774","4.71","2578","3.24","19069","0.44","374","4.48"
"234080","JW생명과학 ","13850","-200","-1.42","1065","13.00",,,"8340","1.66","500","3.61"
"001060","JW중외제약 ","22800","0","0.00",,,,,"8815","2.59","325","1.43"
"001067","JW중외제약2우B ","60500","2800","4.85",,,,,,,"325","0.54"
"001065","JW중외제약우 ","34000","950","2.87",,,,,,,"350","1.03"
"096760","JW홀딩스 ","3430","25","0.73","153","22.42",,,"2078","1.65","90","2.62"
"105560","KB금융 ","55000","-400","-0.72","8809","6.24","11239","4.89","102219","0.54","1770","3.22"
"002380","KCC ","315000","4000","1.29","72945","4.32","42565","7.40","548119","0.57","5700","1.81"
"344820","KCC글라스 ","59900","-200","-0.33","14761","4.06","8077","7.42","82644","0.72","2100","3.51"
"009070","KCTC ","6220","-100","-1.58","433","14.36",,,"6783","0.92","50","0.80"
"009440","KC그린홀딩스 ","4475","265","6.29",,,,,"6349","0.70","40","0.89"
"119650","KC코트렐 ","6170","60","0.98",,,,,"813","7.59","0","0.00"
"092220","KEC ","3710","10","0.27",,,"314","11.82","1394","2.66","0","0.00"
"016380","KG동부제철 ","10600","-100","-0.93","668","15.87",,,"9715","1.09","100","0.94"
"016385","KG동부제철우 ","95800","0","0.00",,,,,,,"150","0.16"
"001390","KG케미칼 ","30750","50","0.16","3358","9.16",,,"29370","1.05","400","1.30"
"033180","KH 필룩스 ","2615","-25","-0.95",,,,,"2768","0.94","0","0.00"
"001940","KISCO홀딩스 ","14550","-150","-1.02","2260","6.44",,,"45645","0.32","300","2.06"
"025000","KPX케미칼 ","53600","-100","-0.19","13307","4.03",,,"108169","0.50","2750","5.13"
"092230","KPX홀딩스 ","63500","-600","-0.94","34397","1.85",,,"183257","0.35","3100","4.88"
"000040","KR모터스 ","865","-1","-0.12",,,,,"396","2.18","0","0.00"
"044450","KSS해운 ","11850","100","0.85","584","20.29","2001","5.92","11592","1.02","300","2.53"
"030200","KT ","30600","-400","-1.29","2684","11.40","4275","7.16","53661","0.57","1350","4.41"
"033780","KT&G ","79000","-700","-0.88","9320","8.48","7716","10.24","65822","1.20","4800","6.08"
"030210","KTB투자증권 ","5190","-140","-2.63","1162","4.47",,,"8631","0.60","150","2.89"
"058850","KTcs ","2585","-40","-1.52","257","10.06",,,"3831","0.67","80","3.09"
"058860","KTis ","2540","-30","-1.17","223","11.39",,,"4810","0.53","80","3.15"
"093050","LF ","17250","100","0.58","605","28.51","3967","4.35","42186","0.41","500","2.90"
"003550","LG ","80900","-900","-1.10","8338","9.70","15158","5.34","115188","0.70","2500","3.09"
"034220","LG디스플레이 ","24600","300","1.23",,,"2846","8.64","31863","0.77","0","0.00"
"051900","LG생활건강 ","1097000","-14000","-1.26","47596","23.05","53751","20.41","268428","4.09","11000","1.00"
"051905","LG생활건강우 ","616000","-1000","-0.16",,,,,,,"11050","1.79"
"003555","LG우 ","63600","-400","-0.63",,,,,,,"2550","4.01"
"032640","LG유플러스 ","13600","-50","-0.37","1095","12.42","1858","7.32","16891","0.81","450","3.31"
"011070","LG이노텍 ","364000","-4000","-1.09","9978","36.48","37925","9.60","102576","3.55","700","0.19"
"066570","LG전자 ","138000","-2500","-1.78","10926","12.63","18712","7.38","85368","1.62","1200","0.87"
"066575","LG전자우 ","65500","-1400","-2.09",,,,,,,"1250","1.91"
"037560","LG헬로비전 ","5560","-10","-0.18",,,"461","12.06","8149","0.68","75","1.35"
"051910","LG화학 ","615000","-13000","-2.07","6666","92.26","41946","14.66","230440","2.67","10000","1.63"
"051915","LG화학우 ","287000","-8000","-2.71",,,,,,,"10050","3.50"
"079550","LIG넥스원 ","68600","800","1.18","2664","25.75","4427","15.50","30569","2.24","900","1.31"
"006260","LS ","54100","200","0.37","4568","11.84","9172","5.90","101468","0.53","1450","2.68"
"010120","LS ELECTRIC ","55800","-200","-0.36","2905","19.21","4312","12.94","47050","1.19","1100","1.97"
"000680","LS네트웍스 ","3010","25","0.84",,,,,"6258","0.48","0","0.00"
"229640","LS전선아시아 ","7930","-50","-0.63","240","33.04","669","11.85","4352","1.82","200","2.52"
"001120","LX인터내셔널 ","26450","0","0.00","7932","3.33","7631","3.47","34525","0.77","400","1.51"
"108670","LX하우시스 ","61500","-1300","-2.07",,,"3477","17.69","83775","0.73","300","0.49"
"108675","LX하우시스우 ","28450","0","0.00",,,,,,,"350","1.23"
"383800","LX홀딩스 ","10000","-150","-1.48",,,,,,,"0","0.00"
"38380K","LX홀딩스1우 ","15200","-250","-1.62",,,,,,,"0","0.00"
"023150","MH에탄올 ","10200","-50","-0.49","1049","9.72",,,"8318","1.23","350","3.43"
"035420","NAVER ","378500","-3500","-0.92","6877","55.04","11146","33.96","44850","8.44","402","0.11"
"181710","NHN ","45000","1150","2.62","599","75.13","2821","15.95","42577","1.06","0","0.00"
"005940","NH투자증권 ","12500","-150","-1.19","1923","6.50","2485","5.03","19308","0.65","700","5.60"
"005945","NH투자증권우 ","11650","-200","-1.69",,,,,,,"750","6.44"
"034310","NICE ","16000","-150","-0.93","447","35.79",,,"18634","0.86","270","1.69"
"008260","NI스틸 ","3375","0","0.00","424","7.96",,,"4246","0.79","50","1.48"
"004250","NPC ","10500","300","2.94","449","23.39",,,"7011","1.50","100","0.95"
"004255","NPC우 ","4315","85","2.01",,,,,,,"105","2.43"
"010060","OCI ","104000","-1000","-0.95",,,"28033","3.71","98159","1.06","0","0.00"
"178920","PI첨단소재 ","55100","1900","3.57","1421","38.78","2305","23.90","9633","5.72","711","1.29"
"005490","POSCO ","274500","-4500","-1.61","20165","13.61","64741","4.24","508464","0.54","8000","2.91"
"010950","S-Oil ","85700","-2100","-2.39",,,"13084","6.55","48733","1.76","0","0.00"
"010955","S-Oil우 ","54800","-1300","-2.32",,,,,,,"25","0.05"
"034120","SBS ","49350","1650","3.46",,,"9934","4.97","28014","1.76","0","0.00"
"101060","SBS미디어홀딩스 ","1930","0","0.00",,,,,"3617","0.53","0","0.00"
"005090","SGC에너지 ","47300","150","0.32","1792","26.40","7715","6.13","38628","1.22","1500","3.17"
"001380","SG글로벌 ","1830","0","0.00",,,,,"2812","0.65","0","0.00"
"004060","SG세계물산 ","684","14","2.09",,,,,"969","0.71","0","0.00"
"001770","SHD ","29950","300","1.01","403","74.32",,,"28484","1.05","100","0.33"
"002360","SH에너지화학 ","973","5","0.52",,,,,"808","1.20","0","0.00"
"009160","SIMPAC ","6410","-100","-1.54","586","10.94",,,"7091","0.90","60","0.94"
"123700","SJM ","4900","125","2.62","172","28.49",,,"10466","0.47","50","1.02"
"025530","SJM홀딩스 ","3735","-5","-0.13","221","16.90",,,"9852","0.38","100","2.68"
"034730","SK ","251000","-4000","-1.57","3544","70.82",,,"245819","1.02","7000","2.79"
"011790","SKC ","174500","1500","0.87","1048","166.51","6713","26.00","47746","3.65","1000","0.57"
"018670","SK가스 ","127500","-1500","-1.16","29674","4.30","17825","7.15","205706","0.62","4000","3.14"
"001740","SK네트웍스 ","5020","-10","-0.20","153","32.81","344","14.60","8289","0.61","120","2.39"
"001745","SK네트웍스우 ","83200","-1400","-1.65",,,,,,,"145","0.17"
"006120","SK디스커버리 ","46400","-450","-0.96","13096","3.54",,,"95458","0.49","1000","2.16"
"006125","SK디스커버리우 ","36300","-100","-0.27",,,,,,,"1050","2.89"
"210980","SK디앤디 ","31750","-150","-0.47","2505","12.67","2181","14.56","21678","1.46","600","1.89"
"068400","SK렌터카 ","10250","-250","-2.38","494","20.75","1120","9.15","9793","1.05","0","0.00"
"302440","SK바이오사이언스 ","225000","1500","0.67","537","418.99","6728","33.44","4310","52.20","0","0.00"
"326030","SK바이오팜 ","97200","-600","-0.61",,,,,"4840","20.08","0","0.00"
"402340","SK스퀘어 ","66400","1900","2.95",,,,,,,"0","0.00"
"361610","SK아이이테크놀로지 ","168000","-500","-0.30","1521","110.45","3198","52.54","19258","8.72","0","0.00"
"03473K","SK우 ","220000","-2500","-1.12",,,,,,,"7050","3.20"
"096770","SK이노베이션 ","238500","-500","-0.21",,,"17202","13.86","155153","1.54","0","0.00"
"096775","SK이노베이션우 ","141000","1000","0.71",,,,,,,"0","0.00"
"001510","SK증권 ","1000","-20","-1.96","25","40.00",,,"1207","0.83","10","1.00"
"001515","SK증권우 ","3950","-20","-0.50",,,,,,,"15","0.38"
"285130","SK케미칼 ","149000","-2500","-1.65","12958","11.50","18041","8.26","48163","3.09","2000","1.34"
"28513K","SK케미칼우 ","88900","-900","-1.00",,,,,,,"2050","2.31"
"017670","SK텔레콤 ","57900","-400","-0.69","4093","14.15","3236","17.90","58812","0.98","2000","3.45"
"000660","SK하이닉스 ","131000","4000","3.15","6952","18.84","13176","9.94","71275","1.84","1170","0.89"
"064960","SNT모티브 ","47050","-1350","-2.79","3952","11.91","6038","7.79","52022","0.90","1600","3.40"
"100840","SNT에너지 ","18550","-100","-0.54","1414","13.12",,,"31408","0.59","800","4.31"
"003570","SNT중공업 ","8960","80","0.90","329","27.23",,,"17967","0.50","300","3.35"
"036530","SNT홀딩스 ","17600","100","0.57","2533","6.95",,,"52339","0.34","650","3.69"
"005610","SPC삼립 ","70800","-400","-0.56",,,"6611","10.71","35114","2.02","1104","1.56"
"011810","STX ","4100","10","0.24",,,,,"1314","3.12","0","0.00"
"077970","STX엔진 ","9600","150","1.59","713","13.46",,,"9635","1.00","0","0.00"
"071970","STX중공업 ","4740","90","1.94","39","121.54",,,"6131","0.77","0","0.00"
"002820","SUN&L ","5000","100","2.04",,,,,"16384","0.31","0","0.00"
"084870","TBH글로벌 ","2255","-65","-2.80",,,,,"3744","0.60","0","0.00"
"002710","TCC스틸 ","9680","790","8.89",,,,,"4991","1.94","15","0.15"
"002900","TYM ","1765","0","0.00","29","60.86",,,"934","1.89","0","0.00"
"024070","WISCOM ","3450","30","0.88",,,,,"7616","0.45","50","1.45"
"037270","YG PLUS ","7980","-60","-0.75",,,,,"1487","5.37","0","0.00"
"000500","가온전선 ","23800","-100","-0.42","2418","9.84",,,"63351","0.38","600","2.52"
"000860","강남제비스코 ","24950","-400","-1.58","3583","6.96",,,"84026","0.30","500","2.00"
"035250","강원랜드 ","24050","-300","-1.23",,,"1502","16.01","15177","1.58","0","0.00"
"011420","갤럭시아에스엠 ","3055","75","2.52","36","84.86",,,"752","4.06","0","0.00"
"002100","경농 ","12250","0","0.00","706","17.35",,,"8886","1.38","250","2.04"
"009450","경동나비엔 ","54900","800","1.48","3261","16.84",,,"25591","2.15","350","0.64"
"267290","경동도시가스 ","22600","-250","-1.09","3224","7.01",,,"60459","0.37","875","3.87"
"012320","경동인베스트 ","35350","0","0.00","6956","5.08",,,"178373","0.20","500","1.41"
"000050","경방 ","13750","100","0.73","499","27.56",,,"27063","0.51","125","0.91"
"214390","경보제약 ","10750","150","1.42","393","27.35",,,"6528","1.65","100","0.93"
"012610","경인양행 ","6940","50","0.73",,,,,"5059","1.37","50","0.72"
"009140","경인전자 ","36800","300","0.82","1033","35.62",,,"34421","1.07","250","0.68"
"013580","계룡건설 ","32600","-450","-1.36","10992","2.97","14444","2.26","61926","0.53","600","1.84"
"012200","계양전기 ","4085","-15","-0.37","294","13.89",,,"5664","0.72","35","0.86"
"012205","계양전기우 ","6920","-80","-1.14",,,,,,,"40","0.58"
"002140","고려산업 ","2910","-15","-0.51","278","10.47",,,"4108","0.71","35","1.20"
"010130","고려아연 ","511000","-12000","-2.29","32418","15.76","44952","11.37","369358","1.38","15000","2.94"
"002240","고려제강 ","19450","-150","-0.77","366","53.14",,,"59061","0.33","300","1.54"
"009290","광동제약 ","7430","-60","-0.80","1119","6.64",,,"9112","0.82","100","1.35"
"017040","광명전기 ","2570","15","0.59","108","23.80",,,"2362","1.09","15","0.58"
"017900","광전자 ","3260","50","1.56",,,,,"3448","0.95","0","0.00"
"037710","광주신세계 ","181000","4500","2.55","27120","6.67",,,"436417","0.41","3500","1.93"
"030610","교보증권 ","8370","-10","-0.12","2091","4.00",,,"19540","0.43","450","5.38"
"339770","교촌에프앤비 ","16600","100","0.61","1107","15.00","1757","9.45","6145","2.70","200","1.20"
"007690","국도화학 ","56500","-1100","-1.91","4165","13.57",,,"71901","0.79","1200","2.12"
"005320","국동 ","2735","10","0.37","458","5.97",,,"2309","1.18","50","1.83"
"001140","국보 ","1570","-30","-1.88",,,,,"609","2.58","0","0.00"
"002720","국제약품 ","6140","-30","-0.49","120","51.17",,,"3659","1.68","0","0.00"
"083420","그린케미칼 ","9270","-20","-0.22","442","20.97",,,"4718","1.96","210","2.27"
"014530","극동유화 ","3950","-70","-1.74","213","18.54",,,"4917","0.80","140","3.54"
"014280","금강공업 ","7820","0","0.00",,,,,"10094","0.77","40","0.51"
"014285","금강공업우 ","12950","50","0.39",,,,,,,"50","0.39"
"008870","금비 ","65000","-300","-0.46",,,,,"99607","0.65","1300","2.00"
"001570","금양 ","4905","25","0.51",,,,,"1797","2.73","0","0.00"
"002990","금호건설 ","11600","0","0.00","741","15.65","3327","3.49","10569","1.10","500","4.31"
"002995","금호건설우 ","31050","-850","-2.66",,,,,,,"550","1.77"
"011780","금호석유 ","166000","-6500","-3.77","20881","7.95","42936","3.87","94002","1.77","4200","2.53"
"011785","금호석유우 ","107000","-4500","-4.04",,,,,,,"4250","3.97"
"214330","금호에이치티 ","2115","10","0.48",,,,,"1876","1.13","0","0.00"
"001210","금호전기 ","3540","15","0.43",,,,,"1369","2.59","0","0.00"
"073240","금호타이어 ","4610","30","0.66",,,"145","31.83","4065","1.13","0","0.00"
"092440","기신정기 ","4240","-5","-0.12","335","12.66",,,"8360","0.51","150","3.54"
"000270","기아 ","82200","-1200","-1.44","3710","22.16","13187","6.23","73740","1.11","1000","1.22"
"024110","기업은행 ","10300","-150","-1.44","1977","5.21","2891","3.56","31597","0.33","471","4.57"
"013700","까뮤이앤씨 ","2850","140","5.17","208","13.70",,,"1833","1.55","20","0.70"
"004540","깨끗한나라 ","4095","-25","-0.61","1023","4.00",,,"5765","0.71","100","2.44"
"004545","깨끗한나라우 ","22850","-150","-0.65",,,,,,,"110","0.48"
"001260","남광토건 ","13900","200","1.46","1401","9.92",,,"6746","2.06","0","0.00"
"008350","남선알미늄 ","2485","35","1.43","95","26.16",,,"1716","1.45","0","0.00"
"008355","남선알미우 ","22200","50","0.23",,,,,,,"0","0.00"
"004270","남성 ","3135","-50","-1.57",,,,,"2095","1.50","35","1.12"
"003920","남양유업 ","407000","500","0.12",,,,,"970716","0.42","1000","0.25"
"003925","남양유업우 ","199500","1500","0.76",,,,,,,"1050","0.53"
"025860","남해화학 ","10500","150","1.45","522","20.11",,,"9117","1.15","80","0.76"
"005720","넥센 ","4560","35","0.77","194","23.51",,,"18401","0.25","85","1.86"
"005725","넥센우 ","3335","-10","-0.30",,,,,,,"90","2.70"
"002350","넥센타이어 ","6820","-70","-1.02",,,"739","9.23","14814","0.46","105","1.54"
"002355","넥센타이어1우B ","3265","-15","-0.46",,,,,,,"110","3.37"
"003580","넥스트사이언스 ","21800","1050","5.06",,,,,"2013","10.83","0","0.00"
"251270","넷마블 ","125000","6000","5.04","3827","32.66","4445","28.12","62986","1.98","767","0.61"
"090350","노루페인트 ","14900","300","2.05","879","16.95",,,"16315","0.91","275","1.85"
"090355","노루페인트우 ","21100","-550","-2.54",,,,,,,"280","1.33"
"000320","노루홀딩스 ","12750","-200","-1.54","1343","9.49","594","21.48","27547","0.46","450","3.53"
"000325","노루홀딩스우 ","37650","-550","-1.44",,,,,,,"455","1.21"
"006280","녹십자 ","218000","-6500","-2.90","7101","30.70","7536","28.93","95710","2.28","1500","0.69"
"005250","녹십자홀딩스 ","27150","-250","-0.91","3793","7.16",,,"18556","1.46","500","1.84"
"005257","녹십자홀딩스2우 ","50500","-400","-0.79",,,,,,,"500","0.99"
"004370","농심 ","318500","-2500","-0.78","25682","12.40","20508","15.53","334382","0.95","4000","1.26"
"072710","농심홀딩스 ","75800","400","0.53","14746","5.14",,,"209586","0.36","2000","2.64"
"058730","다스코 ","4875","45","0.93",,,,,"7664","0.64","0","0.00"
"023590","다우기술 ","22800","0","0.00","6370","3.58",,,"35388","0.64","500","2.19"
"145210","다이나믹디자인 ","499","-1","-0.20",,,,,"422","1.18","0","0.00"
"019680","대교 ","3895","5","0.13",,,"61","63.87","5333","0.73","100","2.57"
"019685","대교우B ","2740","15","0.55",,,,,,,"110","4.01"
"006370","대구백화점 ","11650","-50","-0.43",,,,,"24233","0.48","100","0.86"
"008060","대덕 ","8060","-10","-0.12","3409","2.36",,,"17300","0.47","300","3.72"
"00806K","대덕1우 ","10500","-50","-0.47",,,,,,,"305","2.90"
"353200","대덕전자 ","24900","900","3.75",,,"1860","13.39","12381","2.01","300","1.20"
"35320K","대덕전자1우 ","15300","300","2.00",,,,,,,"305","1.99"
"000490","대동 ","10100","0","0.00","985","10.25",,,"13301","0.76","80","0.79"
"008110","대동전자 ","8400","-290","-3.34","398","21.11",,,"14879","0.56","0","0.00"
"005750","대림B&Co ","7360","-10","-0.14",,,,,"9517","0.77","130","1.77"
"006570","대림통상 ","3525","-5","-0.14",,,,,"5008","0.70","0","0.00"
"001680","대상 ","23300","-50","-0.21","3473","6.71","3346","6.96","30083","0.77","700","3.00"
"001685","대상우 ","17150","0","0.00",,,,,,,"710","4.14"
"084690","대상홀딩스 ","9700","30","0.31","2360","4.11",,,"17589","0.55","220","2.27"
"084695","대상홀딩스우 ","11700","200","1.74",,,,,,,"230","1.97"
"128820","대성산업 ","4560","-5","-0.11","1414","3.22",,,"11151","0.41","0","0.00"
"117580","대성에너지 ","9150","-250","-2.66","514","17.80",,,"11433","0.80","250","2.73"
"016710","대성홀딩스 ","47100","-100","-0.21","2649","17.78",,,"28431","1.66","250","0.53"
"003540","대신증권 ","18650","-700","-3.62","2119","8.80","2213","8.43","23605","0.79","1200","6.43"
"003547","대신증권2우B ","15150","-600","-3.81",,,,,,,"1200","7.92"
"003545","대신증권우 ","15850","-450","-2.76",,,,,,,"1250","7.89"
"009190","대양금속 ","4880","85","1.77",,,,,"1790","2.73","0","0.00"
"014160","대영포장 ","2590","-20","-0.77","31","83.55",,,"1420","1.82","0","0.00"
"047040","대우건설 ","5770","-70","-1.20","691","8.35","1437","4.01","6435","0.90","0","0.00"
"009320","대우부품 ","2465","25","1.02",,,,,"733","3.36","0","0.00"
"042660","대우조선해양 ","23050","200","0.88","583","39.54",,,"36061","0.64","0","0.00"
"003090","대웅 ","31050","-800","-2.51","2343","13.25","1854","16.75","11787","2.63","100","0.32"
"069620","대웅제약 ","148000","-4500","-2.95","1196","123.75","3245","45.61","47554","3.11","600","0.41"
"000430","대원강업 ","3730","20","0.54",,,,,"7487","0.50","100","2.68"
"006340","대원전선 ","1770","50","2.91","32","55.31",,,"1159","1.53","0","0.00"
"006345","대원전선우 ","2960","-40","-1.33",,,,,,,"0","0.00"
"003220","대원제약 ","16650","-300","-1.77","853","19.52","1249","13.34","10084","1.65","160","0.96"
"024890","대원화성 ","4115","-110","-2.60",,,,,"1843","2.23","10","0.24"
"002880","대유에이텍 ","1295","15","1.17",,,,,"1045","1.24","0","0.00"
"000300","대유플러스 ","1315","5","0.38",,,,,"825","1.59","0","0.00"
"012800","대창 ","1820","20","1.11","85","21.41",,,"2086","0.87","0","0.00"
"015230","대창단조 ","7900","-90","-1.13","1004","7.87",,,"13119","0.60","180","2.28"
"001070","대한방직 ","49400","1100","2.28","746","66.22",,,"25717","1.92","0","0.00"
"006650","대한유화 ","183000","-6000","-3.17","20603","8.88","30177","6.06","291403","0.63","3000","1.64"
"001440","대한전선 ","1780","-60","-3.26","3","593.33",,,"402","4.43","0","0.00"
"084010","대한제강 ","15550","-50","-0.32","2232","6.97","5837","2.66","20068","0.77","300","1.93"
"001790","대한제당 ","3020","5","0.17","263","11.48",,,"4974","0.61","180","5.96"
"001795","대한제당우 ","3190","-80","-2.45",,,,,,,"185","5.80"
"001130","대한제분 ","154500","0","0.00","12494","12.37",,,"461663","0.33","2000","1.29"
"003490","대한항공 ","29350","-600","-2.00",,,"2191","13.40","14181","2.07","0","0.00"
"003495","대한항공우 ","37300","-150","-0.40",,,,,,,"0","0.00"
"005880","대한해운 ","2640","-25","-0.94","34","77.65","369","7.16","2946","0.90","0","0.00"
"003830","대한화섬 ","124000","-500","-0.40","14424","8.60",,,"457234","0.27","410","0.33"
"016090","대현 ","2290","20","0.88","204","11.23",,,"4597","0.50","40","1.75"
"069460","대호에이엘 ","3385","5","0.15","24","141.04",,,"1010","3.35","0","0.00"
"192080","더블유게임즈 ","57900","300","0.52","6634","8.73","7759","7.46","36923","1.57","350","0.60"
"012510","더존비즈온 ","73000","-800","-1.08","1830","39.89","2221","32.87","12507","5.84","450","0.62"
"004830","덕성 ","15100","-100","-0.66","232","65.09",,,"3880","3.89","45","0.30"
"004835","덕성우 ","17000","-200","-1.16",,,,,,,"50","0.29"
"024900","덕양산업 ","3305","-5","-0.15",,,,,"1362","2.43","0","0.00"
"145720","덴티움 ","69800","-200","-0.29","2614","26.70","4984","14.00","20715","3.37","200","0.29"
"002150","도화엔지니어링 ","7650","-30","-0.39","535","14.30",,,"7617","1.00","280","3.66"
"001230","동국제강 ","15900","-250","-1.55","700","22.71","4544","3.50","21305","0.75","200","1.26"
"023450","동남합성 ","63600","-700","-1.09","2763","23.02",,,"13579","4.68","9900","15.57"
"004140","동방 ","4025","25","0.63","363","11.09",,,"2763","1.46","0","0.00"
"007590","동방아그로 ","7270","150","2.11","569","12.78",,,"10372","0.70","370","5.09"
"005960","동부건설 ","14600","-100","-0.68","1974","7.40","3442","4.24","20042","0.73","900","6.16"
"005965","동부건설우 ","40200","1200","3.08",,,,,,,"950","2.36"
"026960","동서 ","31000","350","1.14","1186","26.14",,,"13861","2.24","700","2.26"
"002210","동성제약 ","8380","-20","-0.24",,,,,"2105","3.98","0","0.00"
"102260","동성케미컬 ","4795","-70","-1.44","152","31.55",,,"6288","0.76","250","5.21"
"000640","동아쏘시오홀딩스 ","115000","-3500","-2.95","26725","4.30","9731","11.82","144380","0.80","1000","0.87"
"170900","동아에스티 ","71600","-400","-0.56","3212","22.29","3553","20.15","76043","0.94","1000","1.40"
"028100","동아지질 ","18300","0","0.00","181","101.10",,,"16656","1.10","75","0.41"
"282690","동아타이어 ","12300","50","0.41","971","12.67",,,"26714","0.46","800","6.50"
"001520","동양 ","1465","-10","-0.68",,,,,"3285","0.45","40","2.73"
"001527","동양2우B ","15800","100","0.64",,,,,,,"150","0.95"
"001529","동양3우B ","32400","600","1.89",,,,,,,"150","0.46"
"084670","동양고속 ","17250","-50","-0.29",,,,,"36836","0.47","500","2.90"
"082640","동양생명 ","6600","-110","-1.64","825","8.00","1109","5.95","19165","0.34","220","3.33"
"001525","동양우 ","7930","90","1.15",,,,,,,"90","1.13"
"008970","동양철관 ","1285","-5","-0.39","59","21.78",,,"736","1.75","0","0.00"
"092780","동양피스톤 ","6300","120","1.94",,,,,"7084","0.89","60","0.95"
"049770","동원F&B ","194500","0","0.00","20194","9.63","27374","7.11","193553","1.00","3500","1.80"
"018500","동원금속 ","935","5","0.54",,,,,"684","1.37","0","0.00"
"006040","동원산업 ","227000","-2500","-1.09","70124","3.24","47857","4.74","340108","0.67","5000","2.20"
"030720","동원수산 ","9350","90","0.97",,,,,"10314","0.91","0","0.00"
"014820","동원시스템즈 ","51200","200","0.39","2003","25.56",,,"18717","2.74","600","1.17"
"014825","동원시스템즈우 ","33550","200","0.60",,,,,,,"650","1.94"
"163560","동일고무벨트 ","7530","10","0.13","524","14.37",,,"14392","0.52","100","1.33"
"004890","동일산업 ","149000","1500","1.02","3700","40.27",,,"148639","1.00","1800","1.21"
"002690","동일제강 ","2850","0","0.00","18","158.33",,,"7926","0.36","0","0.00"
"000020","동화약품 ","14600","-150","-1.02","1033","14.13",,,"11860","1.23","180","1.23"
"000150","두산 ","118000","1000","0.85",,,"13512","8.73","77507","1.52","2000","1.69"
"000157","두산2우B ","102500","0","0.00",,,,,,,"2000","1.95"
"241560","두산밥캣 ","40750","-400","-0.97","2466","16.52","4004","10.18","40637","1.00","0","0.00"
"000155","두산우 ","80200","200","0.25",,,,,,,"2050","2.56"
"034020","두산중공업 [락]","20400","-400","-1.92",,,"370","55.07","8215","2.48","0","0.00"
"336260","두산퓨얼셀 ","48000","250","0.52","203","236.45","578","82.98","6262","7.67","0","0.00"
"33626K","두산퓨얼셀1우 ","14500","50","0.35",,,,,,,"0","0.00"
"33626L","두산퓨얼셀2우B ","17300","50","0.29",,,,,,,"0","0.00"
"016740","두올 ","4315","55","1.29","163","26.47",,,"5419","0.80","80","1.85"
"192650","드림텍 ","12100","850","7.56","346","34.97",,,"4045","2.99","100","0.83"
"024090","디씨엠 ","23300","750","3.33","2166","10.76",,,"16153","1.44","500","2.15"
"003160","디아이 ","9360","80","0.86","203","46.11","1159","8.08","4122","2.27","100","1.07"
"092200","디아이씨 ","5570","-250","-4.30",,,,,"917","6.07","0","0.00"
"013570","디와이 ","6540","-120","-1.80",,,,,"12760","0.51","100","1.53"
"210540","디와이파워 ","12950","50","0.39","2303","5.62","3143","4.12","17122","0.76","220","1.70"
"007340","디티알오토모티브 ","71800","9800","15.81","5317","13.50",,,"62666","1.15","2000","2.79"
"026890","디피씨 ","14700","300","2.08","523","28.11",,,"4283","3.43","90","0.61"
"115390","락앤락 ","11600","300","2.65","219","52.97",,,"12548","0.92","0","0.00"
"032350","롯데관광개발 ","17550","-150","-0.85",,,"461","38.05","3313","5.30","0","0.00"
"089860","롯데렌탈 ","38100","750","2.01","1562","24.39","4228","9.01","23931","1.59","300","0.79"
"000400","롯데손해보험 ","1620","20","1.25",,,,,"3050","0.53","0","0.00"
"023530","롯데쇼핑 ","87200","-800","-0.91",,,"4465","19.53","346484","0.25","2800","3.21"
"004000","롯데정밀화학 ","75000","-1500","-1.96","7805","9.61","13715","5.47","63942","1.17","1500","2.00"
"286940","롯데정보통신 ","36150","800","2.26","1975","18.30","3126","11.56","26847","1.35","700","1.94"
"280360","롯데제과 ","120500","-2000","-1.63","6392","18.85","12623","9.55","185045","0.65","1600","1.33"
"004990","롯데지주 ","29900","-350","-1.16",,,"3843","7.78","60599","0.49","1000","3.34"
"00499K","롯데지주우 ","47400","-250","-0.52",,,,,,,"1050","2.22"
"005300","롯데칠성 ","133500","-1500","-1.11",,,"10460","12.76","132776","1.01","2700","2.02"
"005305","롯데칠성우 ","69900","-700","-0.99",,,,,,,"2705","3.87"
"011170","롯데케미칼 ","217000","-5500","-2.47","4623","46.94","39741","5.46","374803","0.58","3600","1.66"
"002270","롯데푸드 ","344500","-7500","-2.13","77191","4.46","36728","9.38","672512","0.51","12000","3.48"
"071840","롯데하이마트 ","25150","-100","-0.40","1217","20.67","3653","6.88","81582","0.31","1200","4.77"
"027740","마니커 ","1160","0","0.00",,,,,"1572","0.74","0","0.00"
"204320","만도 ","63400","800","1.28","124","511.29","5224","12.14","34872","1.82","0","0.00"
"001080","만호제강 ","23050","50","0.22","290","79.48",,,"56160","0.41","200","0.87"
"138040","메리츠금융지주 ","44000","1100","2.56","3596","12.24",,,"24992","1.76","900","2.05"
"008560","메리츠증권 ","5150","-20","-0.39","865","5.95","896","5.75","6178","0.83","320","6.21"
"000060","메리츠화재 ","33550","1150","3.55","3856","8.70","4571","7.34","22175","1.51","1280","3.82"
"090370","메타랩스 ","939","12","1.29",,,,,"832","1.13","0","0.00"
"017180","명문제약 ","4730","70","1.50",,,,,"2568","1.84","0","0.00"
"009900","명신산업 ","30100","250","0.84",,,"1952","15.42","4177","7.21","0","0.00"
"012690","모나리자 ","3885","40","1.04","217","17.90",,,"1947","2.00","75","1.93"
"005360","모나미 ","4625","100","2.21","4","1156.25",,,"4630","1.00","70","1.51"
"009680","모토닉 ","10600","-400","-3.64","679","15.61",,,"12565","0.84","400","3.77"
"009580","무림P&P ","4335","35","0.81",,,"465","9.32","9520","0.46","125","2.88"
"009200","무림페이퍼 ","2500","-10","-0.40",,,,,"9572","0.26","50","2.00"
"033920","무학 ","8350","30","0.36","485","17.22",,,"18412","0.45","0","0.00"
"008420","문배철강 ","3830","-30","-0.78","440","8.70",,,"5808","0.66","50","1.31"
"025560","미래산업 ","14050","550","4.07",,,,,"17191","0.82","0","0.00"
"007120","미래아이앤지 ","470","1","0.21","153","3.07",,,"691","0.68","0","0.00"
"085620","미래에셋생명 ","4005","-30","-0.74","482","8.31","505","7.93","11532","0.35","100","2.50"
"006800","미래에셋증권 ","8650","-50","-0.57","1213","7.13","1200","7.21","11595","0.75","200","2.31"
"00680K","미래에셋증권2우B ","4635","-10","-0.22",,,,,,,"200","4.31"
"006805","미래에셋증권우 ","5660","-80","-1.39",,,,,,,"220","3.89"
"002840","미원상사 ","203500","-2500","-1.21","10369","19.63",,,"53838","3.78","700","0.34"
"268280","미원에스씨 ","218500","-5500","-2.46","6769","32.28",,,"51194","4.27","1700","0.78"
"107590","미원홀딩스 ","151500","-1500","-0.98","7557","20.05",,,"70128","2.16","500","0.33"
"134380","미원화학 ","81200","-900","-1.10","6806","11.93",,,"51337","1.58","2500","3.08"
"003650","미창석유 ","79000","-500","-0.63","12962","6.09",,,"159298","0.50","2100","2.66"
"003610","방림 ","2635","5","0.19","128","20.59",,,"4519","0.58","35","1.33"
"001340","백광산업 ","5160","-10","-0.19","232","22.24",,,"3946","1.31","50","0.97"
"035150","백산 ","8230","110","1.35",,,,,"5010","1.64","100","1.22"
"002410","범양건영 ","6510","420","6.90","442","14.73",,,"3269","1.99","0","0.00"
"007210","벽산 ","3915","15","0.38",,,,,"3361","1.16","7","0.18"
"002760","보락 ","1980","-20","-1.00","7","282.86",,,"735","2.69","4","0.20"
"003850","보령제약 ","14600","-150","-1.02","455","32.09","592","24.66","5367","2.72","100","0.68"
"000890","보해양조 ","905","10","1.12","14","64.64",,,"617","1.47","0","0.00"
"003000","부광약품 ","12900","-300","-2.27",,,,,"3643","3.54","100","0.78"
"001270","부국증권 ","24450","200","0.82","6784","3.60",,,"41949","0.58","1200","4.91"
"001275","부국증권우 ","21950","-150","-0.68",,,,,,,"1250","5.69"
"026940","부국철강 ","4265","-15","-0.35","40","106.63",,,"5663","0.75","75","1.76"
"015350","부산가스 ","84400","0","0.00","17935","4.71",,,"78785","1.07","1000","1.18"
"011390","부산산업 ","103500","500","0.49","2333","44.36",,,"54994","1.88","250","0.24"
"005030","부산주공 ","591","15","2.60",,,,,"469","1.26","0","0.00"
"002070","비비안 ","2965","30","1.02",,,,,"3376","0.88","0","0.00"
"100220","비상교육 ","7800","0","0.00",,,,,"15074","0.52","150","1.92"
"030790","비케이탑스 ","3690","-510","-12.14",,,,,"1763","2.09","0","0.00"
"005180","빙그레 ","53200","600","1.14","3944","13.49","3414","15.58","59843","0.89","1600","3.01"
"003960","사조대림 ","25250","0","0.00","4602","5.49",,,"39002","0.65","200","0.79"
"008040","사조동아원 ","1110","0","0.00","73","15.21",,,"1469","0.76","0","0.00"
"007160","사조산업 ","47350","-250","-0.53","1496","31.65",,,"79731","0.59","200","0.42"
"014710","사조씨푸드 ","5550","-20","-0.36","455","12.20",,,"12244","0.45","0","0.00"
"006090","사조오양 ","9330","30","0.32","1959","4.76",,,"19611","0.48","150","1.61"
"001470","삼부토건 ","2325","125","5.68",,,,,"1397","1.66","0","0.00"
"006400","삼성SDI ","655000","-8000","-1.21","8593","76.22","21229","30.85","184387","3.55","1000","0.15"
"006405","삼성SDI우 ","346500","-1500","-0.43",,,,,,,"1050","0.30"
"006660","삼성공조 ","16800","0","0.00","673","24.96",,,"27201","0.62","80","0.48"
"028260","삼성물산 ","119000","3000","2.59","6278","18.96","8607","13.83","160189","0.74","2300","1.93"
"02826K","삼성물산우B ","109000","2000","1.87",,,,,,,"2350","2.16"
"207940","삼성바이오로직스 ","903000","13000","1.46","3642","247.94","8019","112.61","69505","12.99","0","0.00"
"032830","삼성생명 ","64100","-1200","-1.84","7049","9.09","6966","9.20","209474","0.31","2500","3.90"
"018260","삼성에스디에스 ","156500","-3000","-1.88","5733","27.30","9254","16.91","86188","1.82","2400","1.53"
"028050","삼성엔지니어링 ","22900","-50","-0.22","1249","18.33","2026","11.30","8167","2.80","0","0.00"
"009150","삼성전기 ","197500","500","0.25","7993","24.71","15980","12.36","74385","2.66","1400","0.71"
"009155","삼성전기우 ","105000","-1000","-0.94",,,,,,,"1450","1.38"
"005930","삼성전자 ","78300","-500","-0.63","3841","20.39","6138","12.76","39406","1.99","2994","3.82"
"005935","삼성전자우 ","71200","-500","-0.70",,,,,,,"2995","4.21"
"001360","삼성제약 ","4925","-25","-0.51",,,,,"1981","2.49","0","0.00"
"010140","삼성중공업 ","5670","-40","-0.70",,,,,"5536","1.02","0","0.00"
"010145","삼성중공우 ","219000","0","0.00",,,,,,,"0","0.00"
"016360","삼성증권 ","44900","-650","-1.43","5686","7.90","8793","5.11","59542","0.75","2200","4.90"
"068290","삼성출판사 ","33150","-50","-0.15","5322","6.23",,,"14285","2.32","200","0.60"
"029780","삼성카드 ","31500","-250","-0.79","3737","8.43","4538","6.94","61450","0.51","1800","5.71"
"000810","삼성화재 ","202000","-3500","-1.70","17760","11.37","20893","9.67","321574","0.63","8800","4.36"
"000815","삼성화재우 ","159000","-3000","-1.85",,,,,,,"8805","5.54"
"006110","삼아알미늄 ","27000","450","1.69","319","84.64",,,"10036","2.69","100","0.37"
"145990","삼양사 ","62700","-100","-0.16","5738","10.93",,,"109328","0.57","1250","1.99"
"145995","삼양사우 ","40800","350","0.87",,,,,,,"1300","3.19"
"003230","삼양식품 ","94800","-300","-0.32","8922","10.63","7726","12.27","45470","2.08","800","0.84"
"002170","삼양통상 ","58000","0","0.00","17515","3.31",,,"125195","0.46","1250","2.16"
"272550","삼양패키징 ","25000","-50","-0.20","2273","11.00",,,"21657","1.15","1000","4.00"
"000070","삼양홀딩스 ","98200","-1300","-1.31","13218","7.43",,,"171357","0.57","2250","2.29"
"000075","삼양홀딩스우 ","69000","0","0.00",,,,,,,"2300","3.33"
"002810","삼영무역 ","14450","0","0.00","1600","9.03",,,"20537","0.70","500","3.46"
"005680","삼영전자 ","11400","0","0.00","571","19.96","920","12.39","24545","0.46","250","2.19"
"003720","삼영화학 ","3000","30","1.01","6","500.00",,,"1297","2.31","0","0.00"
"023000","삼원강재 ","3165","-25","-0.78","204","15.51",,,"5319","0.60","105","3.32"
"004380","삼익THK ","13100","-100","-0.76","215","60.93",,,"9046","1.45","150","1.15"
"002450","삼익악기 ","1825","-5","-0.27","120","15.21",,,"2464","0.74","50","2.74"
"004440","삼일씨엔에스 ","9250","140","1.54",,,,,"21785","0.42","0","0.00"
"000520","삼일제약 ","8340","-30","-0.36","110","75.82",,,"4746","1.76","75","0.90"
"009770","삼정펄프 ","30000","600","2.04","10743","2.79",,,"84390","0.36","1000","3.33"
"005500","삼진제약 ","26300","100","0.38","2266","11.61","2424","10.85","15357","1.71","800","3.04"
"004690","삼천리 ","90800","800","0.89","9248","9.82","15327","5.92","317378","0.29","3000","3.30"
"010960","삼호개발 ","5100","0","0.00","802","6.36",,,"8443","0.60","190","3.73"
"004450","삼화왕관 ","43500","200","0.46","819","53.11",,,"66914","0.65","1250","2.87"
"009470","삼화전기 ","30700","350","1.15","637","48.19",,,"7420","4.14","100","0.33"
"011230","삼화전자 ","4040","25","0.62",,,,,"931","4.34","0","0.00"
"001820","삼화콘덴서 ","60200","600","1.01","2272","26.50","3559","16.91","16709","3.60","300","0.50"
"000390","삼화페인트 ","9230","-120","-1.28","294","31.39",,,"10862","0.85","150","1.63"
"001290","상상인증권 ","1165","-5","-0.43","27","43.15",,,"1799","0.65","0","0.00"
"041650","상신브레이크 ","3880","10","0.26",,,,,"7620","0.51","50","1.29"
"075180","새론오토모티브 ","5480","30","0.55","321","17.07",,,"11350","0.48","150","2.74"
"007540","샘표 ","42650","50","0.12","15906","2.68",,,"62296","0.68","200","0.47"
"248170","샘표식품 ","44750","-300","-0.67","7895","5.67",,,"42068","1.06","200","0.45"
"007860","서연 ","12300","-100","-0.81",,,,,"18291","0.67","50","0.41"
"200880","서연이화 ","7050","-20","-0.28",,,"1924","3.66","22307","0.32","100","1.42"
"017390","서울가스 ","167500","1500","0.90","33732","4.97",,,"206106","0.81","16750","10.00"
"004410","서울식품 ","330","3","0.92",,,,,"78","4.23","0","0.00"
"004415","서울식품우 ","3945","10","0.25",,,,,,,"0","0.00"
"021050","서원 ","1945","15","0.78",,,,,"2118","0.92","0","0.00"
"008490","서흥 ","44200","100","0.23","4766","9.27","4976","8.88","29221","1.51","450","1.02"
"007610","선도전기 ","3590","70","1.99","140","25.64",,,"5138","0.70","5","0.14"
"136490","선진 ","11500","50","0.44","3516","3.27",,,"15558","0.74","100","0.87"
"014910","성문전자 ","2415","15","0.63",,,,,"1311","1.84","0","0.00"
"014915","성문전자우 ","8970","30","0.34",,,,,,,"5","0.06"
"003080","성보화학 ","3980","0","0.00",,,,,"6827","0.58","135","3.39"
"004980","성신양회 ","16550","-150","-0.90","416","39.78",,,"16113","1.03","150","0.91"
"004985","성신양회우 ","17600","-400","-2.22",,,,,,,"200","1.14"
"011300","성안 ","787","0","0.00",,,,,"977","0.81","0","0.00"
"000180","성창기업지주 ","2445","5","0.20","78","31.35",,,"7637","0.32","0","0.00"
"002420","세기상사 ","10600","400","3.92",,,,,"5066","2.09","0","0.00"
"004360","세방 ","11950","200","1.70","1436","8.32",,,"36981","0.32","190","1.59"
"004365","세방우 ","7200","-90","-1.23",,,,,,,"195","2.71"
"004490","세방전지 ","75900","-1600","-2.06","4916","15.44",,,"79003","0.96","500","0.66"
"001430","세아베스틸 ","19900","-300","-1.49",,,"5301","3.75","45201","0.44","200","1.01"
"306200","세아제강 ","95600","-600","-0.62","11713","8.16","30204","3.17","209869","0.46","2500","2.62"
"003030","세아제강지주 ","103000","-500","-0.48","4227","24.37",,,"235619","0.44","1500","1.46"
"019440","세아특수강 ","15750","0","0.00",,,,,"35541","0.44","700","4.44"
"058650","세아홀딩스 ","104500","0","0.00",,,,,"464459","0.22","2250","2.15"
"013000","세우글로벌 ","1725","60","3.60",,,,,"1546","1.12","0","0.00"
"091090","세원이앤씨 ","1140","20","1.79",,,,,"1229","0.93","0","0.00"
"021820","세원정공 ","8090","0","0.00","2478","3.26",,,"44548","0.18","25","0.31"
"067830","세이브존I&C ","2985","5","0.17","262","11.39",,,"11015","0.27","30","1.01"
"033530","세종공업 ","8710","-90","-1.02",,,,,"13953","0.62","50","0.57"
"075580","세진중공업 ","5900","40","0.68","33","178.79","320","18.43","2720","2.17","150","2.54"
"027970","세하 ","1610","5","0.31","322","5.00",,,"1525","1.06","0","0.00"
"308170","센트랄모텍 ","22500","-100","-0.44","809","27.81",,,"12170","1.85","0","0.00"
"012600","센트럴인사이트 ","2490","0","0.00",,,,,"1394","1.79","0","0.00"
"068270","셀트리온 ","198000","-3000","-1.49","3686","53.72","5100","38.83","23813","8.31","0","0.00"
"336370","솔루스첨단소재 ","89300","3600","4.20",,,"1186","75.31","7377","12.11","10","0.01"
"33637K","솔루스첨단소재1우 ","22750","300","1.34",,,,,,,"11","0.05"
"33637L","솔루스첨단소재2우B ","28100","150","0.54",,,,,,,"12","0.04"
"248070","솔루엠 ","22450","-250","-1.10","1008","22.27","1515","14.82","2922","7.68","0","0.00"
"004430","송원산업 ","21450","450","2.14","1144","18.75","3421","6.27","19113","1.12","120","0.56"
"017550","수산중공업 ","2935","-45","-1.51","78","37.63",,,"1920","1.53","10","0.34"
"053210","스카이라이프 ","9140","-100","-1.08","1203","7.60","1392","6.56","15415","0.59","350","3.83"
"134790","시디즈 ","61300","-100","-0.16","10331","5.93","8550","7.17","24393","2.51","300","0.49"
"016590","신대양제지 ","85700","1300","1.54","10710","8.00",,,"112846","0.76","625","0.73"
"029530","신도리코 ","33050","250","0.76",,,,,"84179","0.39","0","0.00"
"004970","신라교역 ","13400","100","0.75","479","27.97",,,"32370","0.41","500","3.73"
"011930","신성이엔지 ","2145","50","2.39",,,,,"950","2.26","0","0.00"
"005390","신성통상 ","3395","165","5.11","200","16.98",,,"1844","1.84","0","0.00"
"004170","신세계 ","254000","-1000","-0.39",,,"31113","8.16","349650","0.73","1500","0.59"
"035510","신세계 I&C ","198500","5000","2.58","52485","3.78","22064","9.00","122866","1.62","2500","1.26"
"034300","신세계건설 ","34700","700","2.06","3058","11.35",,,"50598","0.69","800","2.31"
"031430","신세계인터내셔날 ","145500","-2000","-1.36","7131","20.40","13143","11.07","89514","1.63","1100","0.76"
"031440","신세계푸드 ","81900","-1100","-1.33",,,"6852","11.95","73152","1.12","750","0.92"
"006880","신송홀딩스 ","5190","-50","-0.95","240","21.63",,,"7600","0.68","100","1.93"
"005800","신영와코루 ","118500","2500","2.16","3245","36.52",,,"352404","0.34","1500","1.27"
"001720","신영증권 ","60000","-300","-0.50","22418","2.68",,,"81242","0.74","4000","6.67"
"001725","신영증권우 ","60100","-300","-0.50",,,,,,,"4050","6.74"
"009270","신원 ","2920","50","1.74",,,,,"2204","1.32","0","0.00"
"009275","신원우 ","41050","0","0.00",,,,,,,"0","0.00"
"002700","신일전자 ","2115","-15","-0.70","115","18.39",,,"1059","2.00","20","0.95"
"019170","신풍제약 ","31950","-500","-1.54","100","319.50",,,"6766","4.72","100","0.31"
"019175","신풍제약우 ","40000","-200","-0.50",,,,,,,"115","0.29"
"002870","신풍제지 ","2215","5","0.23","1189","1.86",,,"2884","0.77","50","2.26"
"055550","신한지주 ","36800","-400","-1.08","6654","5.53","8440","4.36","82515","0.45","1500","4.08"
"004080","신흥 ","16150","50","0.31","1302","12.40",,,"9573","1.69","200","1.24"
"102280","쌍방울 ","810","23","2.92",,,,,"900","0.90","0","0.00"
"003410","쌍용C&E ","7710","-10","-0.13","275","28.04","394","19.58","3353","2.30","440","5.71"
"003620","쌍용차 ","2770","0","0.00",,,,,,,"0","0.00"
"004770","써니전자 ","4660","535","12.97","170","27.41",,,"1832","2.54","0","0.00"
"015540","쎌마테라퓨틱스 ","6410","0","0.00",,,,,"60","106.83","0","0.00"
"004920","씨아이테크 ","1525","-20","-1.29",,,,,"1283","1.19","0","0.00"
"112610","씨에스윈드 ","65700","1700","2.66","898","73.16","2958","22.21","11340","5.79","1000","1.52"
"008700","아남전자 ","2400","25","1.05","71","33.80",,,"767","3.13","0","0.00"
"002790","아모레G ","44350","-950","-2.10","74","599.32","2220","19.98","33851","1.31","230","0.52"
"00279K","아모레G3우(전환) ","33500","-350","-1.03",,,,,,,"751","2.24"
"002795","아모레G우 ","16900","-100","-0.59",,,,,,,"235","1.39"
"090430","아모레퍼시픽 ","167000","-8000","-4.57","512","326.17","5400","30.93","64736","2.58","800","0.48"
"090435","아모레퍼시픽우 ","73200","-800","-1.08",,,,,,,"805","1.10"
"002030","아세아 ","128000","1000","0.79","22188","5.77",,,"369251","0.35","2000","1.56"
"183190","아세아시멘트 ","122000","0","0.00","6095","20.02","10216","11.94","209052","0.58","1250","1.02"
"002310","아세아제지 ","52600","500","0.96","6057","8.68","13923","3.78","70731","0.74","700","1.33"
"012170","아센디오 ","1370","25","1.86",,,,,"305","4.49","0","0.00"
"267850","아시아나IDT ","18100","-400","-2.16",,,,,"11734","1.54","0","0.00"
"020560","아시아나항공 ","20000","-350","-1.72",,,,,"13861","1.44","0","0.00"
"122900","아이마켓코리아 ","10700","-200","-1.83","672","15.92",,,"10210","1.05","600","5.61"
"010780","아이에스동서 ","44250","-450","-1.01","4070","10.87","6067","7.29","38111","1.16","1000","2.26"
"139990","아주스틸 ","18500","-100","-0.54","1092","16.94",,,"5631","3.29","0","0.00"
"001780","알루코 ","3410","-10","-0.29",,,,,"2427","1.41","0","0.00"
"018250","애경산업 ","19000","-200","-1.04","437","43.48","1164","16.32","12610","1.51","200","1.05"
"161000","애경케미칼 ","10850","-300","-2.69","1407","7.71",,,"12313","0.88","350","3.23"
"011090","에넥스 ","2625","15","0.57",,,,,"754","3.48","0","0.00"
"137310","에스디바이오센서 ","55900","1400","2.57","6597","8.47","7078","7.90","8016","6.97","535","0.96"
"005850","에스엘 ","31200","-800","-2.50","1420","21.97","3914","7.97","29241","1.07","500","1.60"
"012750","에스원 ","73900","-100","-0.14","4203","17.58","4605","16.05","36426","2.03","2500","3.38"
"023960","에쓰씨엔지니어링 ","2995","-20","-0.66",,,,,"786","3.81","0","0.00"
"298690","에어부산 ","2260","-20","-0.88",,,,,"1051","2.15","0","0.00"
"078520","에이블씨엔씨 ","6520","220","3.49",,,,,"5784","1.13","0","0.00"
"015260","에이엔피 ","2185","-15","-0.68",,,,,"1864","1.17","0","0.00"
"007460","에이프로젠 MED ","1685","40","2.43",,,,,"1744","0.97","0","0.00"
"003060","에이프로젠제약 ","905","9","1.00","35","25.86",,,"1268","0.71","0","0.00"
"244920","에이플러스에셋 ","8850","-80","-0.90","1032","8.58","986","8.97","4163","2.13","350","3.95"
"036570","엔씨소프트 ","643000","-17000","-2.58","28504","22.56","39115","16.44","143098","4.49","8550","1.33"
"138250","엔에스쇼핑 ","12700","0","0.00","194","65.46","1306","9.73","12397","1.02","150","1.18"
"380440","엔에이치스팩19호 ","2065","0","0.00",,,,,,,"0","0.00"
"085310","엔케이 ","1045","5","0.48",,,,,"1118","0.93","0","0.00"
"097520","엠씨넥스 ","57500","700","1.23","2180","26.38","3986","14.43","14159","4.06","500","0.87"
"014440","영보화학 ","4425","35","0.80","146","30.31",,,"7376","0.60","75","1.69"
"111770","영원무역 ","43650","-150","-0.34","3366","12.97","5690","7.67","41408","1.05","500","1.15"
"009970","영원무역홀딩스 ","46750","-400","-0.85","9036","5.17",,,"100526","0.47","1200","2.57"
"003520","영진약품 ","5290","-50","-0.94",,,,,"626","8.45","0","0.00"
"000670","영풍 ","655000","-7000","-1.06","77108","8.49",,,"1803019","0.36","10000","1.53"
"006740","영풍제지 ","7580","200","2.71","483","15.69",,,"5692","1.33","40","0.53"
"012280","영화금속 ","1615","15","0.94",,,,,"1380","1.17","15","0.93"
"012160","영흥 ","1055","10","0.96",,,,,"1582","0.67","20","1.90"
"015360","예스코홀딩스 ","35800","-400","-1.10",,,,,"79284","0.45","2000","5.59"
"007310","오뚜기 ","456000","-7000","-1.51","31296","14.57","37078","12.30","381649","1.19","8000","1.75"
"002630","오리엔트바이오 ","1220","45","3.83",,,,,"418","2.92","0","0.00"
"271560","오리온 ","103500","-2000","-1.90","6769","15.29","7716","13.41","46286","2.24","750","0.72"
"001800","오리온홀딩스 ","15950","-50","-0.31","1289","12.37",,,"31390","0.51","650","4.08"
"011690","와이투솔루션 ","2440","0","0.00",,,,,"1090","2.24","0","0.00"
"070960","용평리조트 ","4895","10","0.20",,,,,"7848","0.62","0","0.00"
"316140","우리금융지주 ","12700","-150","-1.17","1742","7.29","3549","3.58","31918","0.40","360","2.83"
"118000","우리들휴브레인 ","1505","10","0.67","239","6.30",,,"1262","1.19","0","0.00"
"010050","우리종금 ","902","-1","-0.11","89","10.13","100","9.06","605","1.49","10","1.11"
"006980","우성 ","28000","350","1.27","2240","12.50",,,"57410","0.49","150","0.54"
"017370","우신시스템 ","4095","-15","-0.36",,,,,"5632","0.73","0","0.00"
"105840","우진 ","8240","60","0.73","1719","4.79",,,"7381","1.12","100","1.21"
"010400","우진아이엔에스 ","7120","50","0.71","247","28.83",,,"13308","0.54","250","3.51"
"049800","우진플라임 ","4570","60","1.33","389","11.75",,,"3039","1.50","100","2.19"
"016880","웅진 ","1710","-15","-0.87",,,,,"489","3.50","0","0.00"
"095720","웅진씽크빅 ","3175","-35","-1.09","8","396.88","338","9.40","3213","0.99","110","3.46"
"005820","원림 ","19300","-150","-0.77","7819","2.47",,,"45998","0.42","500","2.59"
"010600","웰바이오텍 ","1765","-50","-2.75",,,,,"419","4.21","0","0.00"
"008600","윌비스 ","1685","50","3.06",,,,,"1552","1.09","0","0.00"
"033270","유나이티드제약 ","47350","550","1.18","1794","26.39",,,"17045","2.78","350","0.74"
"014830","유니드 ","100500","-2000","-1.95","8773","11.46","15782","6.37","88230","1.14","1400","1.39"
"000910","유니온 ","7540","-90","-1.18","951","7.93",,,"8009","0.94","125","1.66"
"047400","유니온머티리얼 ","3175","-25","-0.78",,,,,"1980","1.60","20","0.63"
"011330","유니켐 ","1290","0","0.00","162","7.96",,,"1423","0.91","50","3.88"
"077500","유니퀘스트 ","12100","650","5.68","897","13.49",,,"8425","1.44","125","1.03"
"002920","유성기업 ","3195","15","0.47",,,,,"10196","0.31","120","3.76"
"000700","유수홀딩스 ","6300","-110","-1.72","3202","1.97",,,"11744","0.54","500","7.94"
"003470","유안타증권 ","4020","15","0.37","500","8.04",,,"6527","0.62","125","3.11"
"003475","유안타증권우 ","4070","-5","-0.12",,,,,,,"175","4.30"
"072130","유엔젤 ","5270","10","0.19",,,,,"2765","1.91","0","0.00"
"000220","유유제약 ","7810","-20","-0.26","84","92.98",,,"6360","1.23","210","2.69"
"000225","유유제약1우 ","9680","20","0.21",,,,,,,"220","2.27"
"000227","유유제약2우B ","18000","-500","-2.70",,,,,,,"0","0.00"
"001200","유진투자증권 ","3595","-15","-0.42","797","4.51",,,"8932","0.40","120","3.34"
"000100","유한양행 ","62100","-900","-1.43","2817","22.04","1670","37.18","24768","2.51","400","0.64"
"000105","유한양행우 ","59100","-400","-0.67",,,,,,,"410","0.69"
"003460","유화증권 ","2700","-20","-0.74","83","32.53",,,"6358","0.42","110","4.07"
"003465","유화증권우 ","2690","-45","-1.65",,,,,,,"120","4.46"
"008730","율촌화학 ","27250","1050","4.01","814","33.48",,,"14018","1.94","500","1.83"
"008250","이건산업 ","11450","0","0.00","158","72.47",,,"15750","0.73","200","1.75"
"025820","이구산업 ","3635","10","0.28","57","63.77",,,"3058","1.19","30","0.83"
"214320","이노션 ","55400","500","0.91","3174","17.45","4446","12.46","38463","1.44","1800","3.25"
"139480","이마트 ","151000","0","0.00","12378","12.20","17210","8.77","325504","0.46","2000","1.32"
"007660","이수페타시스 ","7310","440","6.40",,,"771","9.48","1404","5.21","0","0.00"
"005950","이수화학 ","14550","-350","-2.35",,,"2197","6.62","10682","1.36","300","2.06"
"015020","이스타코 ","3110","255","8.93",,,,,"1139","2.73","0","0.00"
"093230","이아이디 ","302","-3","-0.98",,,,,"199","1.52","0","0.00"
"074610","이엔플러스 ","4790","195","4.24",,,,,"1312","3.65","0","0.00"
"102460","이연제약 ","35550","-300","-0.84","226","157.30",,,"12850","2.77","200","0.56"
"084680","이월드 ","2680","-110","-3.94",,,,,"2557","1.05","0","0.00"
"000760","이화산업 ","15550","-600","-3.72",,,,,"35475","0.44","0","0.00"
"014990","인디에프 ","1310","10","0.77",,,,,"699","1.87","0","0.00"
"101140","인바이오젠 ","3560","-10","-0.28",,,,,"1511","2.36","0","0.00"
"006490","인스코비 ","3160","-80","-2.47","26","121.54",,,"356","8.88","0","0.00"
"023800","인지컨트롤스 ","15300","200","1.32",,,,,"11640","1.31","100","0.65"
"034590","인천도시가스 ","27150","0","0.00","2762","9.83",,,"43813","0.62","1250","4.60"
"129260","인터지스 ","3485","-30","-0.85","180","19.36",,,"6245","0.56","0","0.00"
"023810","인팩 ","13150","-50","-0.38","337","39.02",,,"9650","1.36","150","1.14"
"249420","일동제약 ","33600","3300","10.89",,,,,"10694","3.14","0","0.00"
"000230","일동홀딩스 ","14800","0","0.00",,,,,"10633","1.39","100","0.68"
"013360","일성건설 ","6270","330","5.56","49","127.96",,,"1673","3.75","15","0.24"
"003120","일성신약 ","73800","-500","-0.67","2100","35.14",,,"130630","0.56","750","1.02"
"003200","일신방직 ","107000","-1000","-0.93","4428","24.16",,,"295756","0.36","1500","1.40"
"007110","일신석재 ","2250","105","4.90","8","281.25",,,"674","3.34","0","0.00"
"007570","일양약품 ","28050","50","0.18","597","46.98",,,"10609","2.64","120","0.43"
"007575","일양약품우 ","28750","550","1.95",,,,,,,"145","0.50"
"008500","일정실업 ","36400","-1100","-2.93",,,,,"21268","1.71","0","0.00"
"081000","일진다이아 ","30350","50","0.17","511","59.39",,,"12787","2.37","300","0.99"
"020760","일진디스플 ","2535","30","1.20",,,,,"939","2.70","0","0.00"
"020150","일진머티리얼즈 ","135000","1500","1.12","927","145.63","2470","54.65","13255","10.18","200","0.15"
"103590","일진전기 ","5110","10","0.20","130","39.31",,,"8330","0.61","60","1.17"
"271940","일진하이솔루스 ","54500","100","0.18","536","101.68","942","57.88","1832","29.75","0","0.00"
"015860","일진홀딩스 ","5480","-10","-0.18","220","24.91","507","10.82","5870","0.93","100","1.82"
"226320","잇츠한불 ","17700","300","1.72",,,,,"18067","0.98","100","0.56"
"317400","자이에스앤디 ","9250","-150","-1.60","727","12.72","1287","7.19","5653","1.64","150","1.62"
"033240","자화전자 ","25050","100","0.40",,,"1257","19.93","15221","1.65","0","0.00"
"000950","전방 ","40200","250","0.63","5181","7.76",,,"83530","0.48","0","0.00"
"194370","제이에스코퍼레이션 ","21400","300","1.42","189","113.23","4199","5.10","11293","1.89","450","2.10"
"025620","제이준코스메틱 ","1030","-20","-1.90",,,,,"1201","0.86","0","0.00"
"036420","제이콘텐트리 ","54600","2500","4.80",,,"1166","46.81","11841","4.61","0","0.00"
"030000","제일기획 ","22850","-600","-2.56","1554","14.70","1809","12.63","8758","2.61","840","3.68"
"271980","제일약품 ","33850","-300","-0.88","473","71.56",,,"11724","2.89","70","0.21"
"001560","제일연마 ","8720","40","0.46","435","20.05",,,"8589","1.02","220","2.52"
"002620","제일파마홀딩스 ","16000","-250","-1.54","745","21.48",,,"25508","0.63","70","0.44"
"006220","제주은행 ","6130","-140","-2.23","481","12.74",,,"15856","0.39","100","1.63"
"089590","제주항공 ","17600","100","0.57",,,,,"5385","3.27","0","0.00"
"004910","조광페인트 ","8770","-120","-1.35","436","20.11",,,"15814","0.55","200","2.28"
"004700","조광피혁 ","54600","100","0.18","5532","9.87",,,"47356","1.15","300","0.55"
"001550","조비 ","21050","50","0.24","579","36.36",,,"9861","2.13","0","0.00"
"000480","조선내화 ","81000","-600","-0.74","10421","7.77",,,"154303","0.52","4200","5.19"
"120030","조선선재 ","109500","500","0.46","8778","12.47",,,"92985","1.18","1500","1.37"
"018470","조일알미늄 ","1980","30","1.54",,,,,"1274","1.55","0","0.00"
"002600","조흥 ","188000","-2000","-1.05","12528","15.01",,,"222051","0.85","6000","3.19"
"185750","종근당 ","111000","-2000","-1.77","7714","14.39","8508","13.05","46126","2.41","1000","0.90"
"063160","종근당바이오 ","41800","400","0.97","1147","36.44",,,"30760","1.36","200","0.48"
"001630","종근당홀딩스 ","76500","-1000","-1.29","15711","4.87",,,"107821","0.71","1400","1.83"
"044380","주연테크 ","1300","50","4.00",,,,,"689","1.89","0","0.00"
"013890","지누스 ","77100","-100","-0.13","3051","25.27","7067","10.91","26243","2.94","800","1.04"
"013870","지엠비코리아 ","5930","20","0.34",,,,,"11553","0.51","0","0.00"
"071320","지역난방공사 ","38750","-150","-0.39","2279","17.00","3817","10.15","155780","0.25","965","2.49"
"010580","지코 ","1530","0","0.00",,,,,"885","1.73","0","0.00"
"035000","지투알 ","7050","50","0.71","558","12.63",,,"8771","0.80","300","4.26"
"088790","진도 ","2820","50","1.81",,,,,"7790","0.36","0","0.00"
"003780","진양산업 ","8370","-160","-1.88","395","21.19",,,"3341","2.51","180","2.15"
"010640","진양폴리 ","6790","190","2.88","161","42.17",,,"2691","2.52","125","1.84"
"100250","진양홀딩스 ","3665","-105","-2.79","475","7.72",,,"5815","0.63","170","4.64"
"051630","진양화학 ","5500","-20","-0.36","69","79.71",,,"2300","2.39","0","0.00"
"272450","진에어 ","16700","-150","-0.89",,,,,"2106","7.93","0","0.00"
"011000","진원생명과학 ","16200","550","3.51",,,,,"1440","11.25","0","0.00"
"002780","진흥기업 ","2180","-10","-0.46","140","15.57",,,"811","2.69","0","0.00"
"002787","진흥기업2우B ","14400","0","0.00",,,,,,,"0","0.00"
"002785","진흥기업우B ","5930","50","0.85",,,,,,,"0","0.00"
"009310","참엔지니어링 ","1280","5","0.39","90","14.22",,,"1453","0.88","0","0.00"
"000650","천일고속 ","67300","-400","-0.59",,,,,"26545","2.54","3000","4.46"
"033250","체시스 ","1255","50","4.15",,,,,"1040","1.21","0","0.00"
"035720","카카오 ","112500","-1500","-1.32","369","304.88","2407","46.74","14286","7.87","30","0.03"
"323410","카카오뱅크 ","59000","-800","-1.34","309","190.94","857","68.85","6861","8.60","0","0.00"
"377300","카카오페이 ","174500","-2000","-1.13",,,"339","514.77","1640","106.40","0","0.00"
"006380","카프로 ","4790","140","3.01",,,,,"3095","1.55","0","0.00"
"109070","컨버즈 ","4100","0","0.00",,,,,"539","7.61","0","0.00"
"001620","케이비아이동국실업 ","810","3","0.37",,,,,"2511","0.32","0","0.00"
"029460","케이씨 ","22850","550","2.47","3851","5.93",,,"43711","0.52","300","1.31"
"281820","케이씨텍 ","24050","100","0.42","2118","11.36","2809","8.56","16672","1.44","220","0.91"
"381970","케이카 ","34100","850","2.56","602","56.64","1447","23.57","4268","7.99","0","0.00"
"007815","코리아써우 ","8760","50","0.57",,,,,,,"0","0.00"
"007810","코리아써키트 ","31200","300","0.97","422","73.93","3201","9.75","12532","2.49","0","0.00"
"00781K","코리아써키트2우B ","9770","-10","-0.10",,,,,,,"0","0.00"
"003690","코리안리 ","9250","40","0.43","1252","7.39","1919","4.82","20403","0.45","450","4.86"
"192820","코스맥스 ","87400","-1400","-1.58","2086","41.90","9119","9.58","33444","2.61","0","0.00"
"044820","코스맥스비티아이 ","13600","0","0.00",,,,,"30308","0.45","200","1.47"
"005070","코스모신소재 ","46150","150","0.33","401","115.09","1276","36.18","6045","7.63","0","0.00"
"005420","코스모화학 ","16100","600","3.87",,,,,"4716","3.41","0","0.00"
"071950","코아스 ","1115","15","1.36",,,,,"771","1.45","0","0.00"
"002020","코오롱 ","33050","1500","4.75","10889","3.04",,,"52610","0.63","500","1.51"
"003070","코오롱글로벌 ","22600","400","1.80","3249","6.96","6747","3.35","18560","1.22","400","1.77"
"003075","코오롱글로벌우 ","30300","0","0.00",,,,,,,"450","1.49"
"002025","코오롱우 ","20800","350","1.71",,,,,,,"550","2.64"
"120110","코오롱인더 ","70900","100","0.14","6834","10.37","8573","8.27","73257","0.97","1000","1.41"
"120115","코오롱인더우 ","34350","100","0.29",,,,,,,"1050","3.06"
"138490","코오롱플라스틱 ","13000","-150","-1.14","79","164.56",,,"5217","2.49","0","0.00"
"021240","코웨이 ","74400","-2400","-3.13","5584","13.32","7183","10.36","20207","3.68","1200","1.61"
"031820","콤텍시스템 ","930","4","0.43",,,,,"1163","0.80","0","0.00"
"192400","쿠쿠홀딩스 ","19150","-250","-1.29","3434","5.58",,,"21397","0.89","660","3.45"
"284740","쿠쿠홈시스 ","39200","500","1.29","3323","11.80",,,"22342","1.75","600","1.53"
"015590","큐로 ","457","5","1.11","7","65.29",,,"473","0.97","0","0.00"
"264900","크라운제과 ","9180","-160","-1.71","1247","7.36",,,"11481","0.80","250","2.72"
"26490K","크라운제과우 ","12650","-350","-2.69",,,,,,,"252","1.99"
"005740","크라운해태홀딩스 ","8580","0","0.00","1527","5.62",,,"18262","0.47","100","1.17"
"005745","크라운해태홀딩스우 ","12850","-100","-0.77",,,,,,,"105","0.82"
"259960","크래프톤 ","460000","-7000","-1.50","13771","33.40","26221","17.54","28377","16.21","0","0.00"
"020120","키다리스튜디오 ","15900","0","0.00","4","3975.00","694","22.92","1469","10.82","0","0.00"
"039490","키움증권 ","107000","-1000","-0.93","30319","3.53","27761","3.85","111919","0.96","3000","2.80"
"014580","태경비케이 ","5080","-50","-0.97","167","30.42",,,"4950","1.03","100","1.97"
"015890","태경산업 ","6700","-10","-0.15","186","36.02",,,"7968","0.84","240","3.58"
"006890","태경케미컬 ","12350","50","0.41","681","18.14",,,"10707","1.15","200","1.62"
"003240","태광산업 ","1043000","-31000","-2.89","125727","8.30",,,"2969365","0.35","1550","0.15"
"011280","태림포장 ","4375","-5","-0.11","43","101.74",,,"4352","1.01","0","0.00"
"004100","태양금속 ","1335","-10","-0.74",,,,,"2467","0.54","5","0.37"
"004105","태양금속우 ","2470","-10","-0.40",,,,,,,"10","0.40"
"009410","태영건설 ","10500","100","0.96","9514","1.10","3351","3.13","15974","0.66","325","3.10"
"009415","태영건설우 ","12200","-50","-0.41",,,,,,,"330","2.70"
"001420","태원물산 ","5820","-10","-0.17",,,,,"4160","1.40","50","0.86"
"007980","태평양물산 ","2275","-10","-0.44",,,"297","7.66","3487","0.65","0","0.00"
"055490","테이팩스 ","81400","-800","-0.97","2931","27.77","5681","14.33","24253","3.36","500","0.61"
"078000","텔코웨어 ","10950","0","0.00","332","32.98","299","36.64","11338","0.97","480","4.38"
"214420","토니모리 ","4715","-55","-1.15",,,,,"3344","1.41","0","0.00"
"019180","티에이치엔 ","4370","-25","-0.57",,,,,"3741","1.17","30","0.69"
"363280","티와이홀딩스 ","28200","550","1.99","10193","2.77","3553","7.94","28162","1.00","0","0.00"
"36328K","티와이홀딩스우 ","23100","-250","-1.07",,,,,,,"0","0.00"
"091810","티웨이항공 ","3200","30","0.95",,,,,"1060","3.02","0","0.00"
"004870","티웨이홀딩스 ","981","-12","-1.21",,,,,"923","1.06","0","0.00"
"005690","파미셀 ","13050","100","0.77","87","150.00",,,"952","13.71","0","0.00"
"036580","팜스코 ","6130","160","2.68","355","17.27",,,"8074","0.76","100","1.63"
"004720","팜젠사이언스 ","10500","-100","-0.94","675","15.56",,,"5677","1.85","0","0.00"
"028670","팬오션 ","5410","-130","-2.35","173","31.27","856","6.32","5250","1.03","50","0.92"
"010820","퍼스텍 ","2800","-95","-3.28","151","18.54",,,"930","3.01","0","0.00"
"016800","퍼시스 ","35800","50","0.14","3660","9.78",,,"40080","0.89","1000","2.79"
"001020","페이퍼코리아 ","1605","25","1.58","7","229.29",,,"748","2.15","0","0.00"
"090080","평화산업 ","1730","10","0.58",,,,,"465","3.72","0","0.00"
"010770","평화홀딩스 ","4460","-40","-0.89",,,,,"7852","0.57","150","3.36"
"058430","포스코강판 ","55000","-600","-1.08","1056","52.08",,,"37210","1.48","500","0.91"
"047050","포스코인터내셔널 ","22450","-200","-0.88","1934","11.61","3322","6.76","25598","0.88","700","3.12"
"003670","포스코케미칼 ","144000","1500","1.05","455","316.48","2153","66.89","15401","9.35","300","0.21"
"007630","폴루스바이오팜 ","1225","0","0.00",,,,,"1413","0.87","0","0.00"
"017810","풀무원 ","17300","0","0.00","399","43.36","882","19.62","10677","1.62","102","0.59"
"103140","풍산 ","31150","-250","-0.80","2567","12.13","5830","5.34","51539","0.60","600","1.93"
"005810","풍산홀딩스 ","28300","-750","-2.58","1454","19.46","6728","4.21","63127","0.45","1200","4.24"
"009810","플레이그램 ","2570","35","1.38","86","29.88",,,"783","3.28","0","0.00"
"086790","하나금융지주 ","42050","-650","-1.52","8858","4.75","11495","3.66","102296","0.41","1850","4.40"
"293480","하나제약 ","20150","-100","-0.49","864","23.32","2267","8.89","13083","1.54","510","2.53"
"039130","하나투어 ","74600","-1200","-1.58",,,,,"9688","7.70","0","0.00"
"352820","하이브 ","349000","-500","-0.14","2956","118.06","7232","48.26","33218","10.51","0","0.00"
"071090","하이스틸 ","2765","50","1.84",,,,,"6302","0.44","10","0.36"
"019490","하이트론 ","4200","-110","-2.55",,,,,"2286","1.84","0","0.00"
"000080","하이트진로 ","30150","-350","-1.15","1246","24.20","1571","19.20","15067","2.00","750","2.49"
"000087","하이트진로2우B ","19100","-150","-0.78",,,,,,,"800","4.19"
"000140","하이트진로홀딩스 ","12200","-150","-1.21","3014","4.05",,,"20817","0.59","400","3.28"
"000145","하이트진로홀딩스우 ","15300","-200","-1.29",,,,,,,"450","2.94"
"036460","한국가스공사 ","39100","450","1.16",,,"6913","5.66","81040","0.48","0","0.00"
"005430","한국공항 ","43850","-150","-0.34",,,,,"86072","0.51","0","0.00"
"071050","한국금융지주 ","80700","-600","-0.74","14780","5.46","17596","4.59","91124","0.89","3000","3.72"
"071055","한국금융지주우 ","65000","-1100","-1.66",,,,,,,"3062","4.71"
"010040","한국내화 ","3525","5","0.14","66","53.41",,,"6306","0.56","35","0.99"
"025540","한국단자 ","76300","600","0.79","5585","13.66",,,"73375","1.04","700","0.92"
"004090","한국석유 ","11300","-100","-0.88","546","20.70","693","16.30","11418","0.99","83","0.73"
"002200","한국수출포장 ","25500","-100","-0.39","2090","12.20",,,"63143","0.40","600","2.35"
"002960","한국쉘석유 ","257500","-3500","-1.34","16162","15.93",,,"75474","3.41","14000","5.44"
"000240","한국앤컴퍼니 ","15700","-200","-1.26","1848","8.50","2325","6.75","36437","0.43","500","3.18"
"123890","한국자산신탁 ","4085","-25","-0.61","1062","3.85","1053","3.88","6202","0.66","220","5.39"
"015760","한국전력 ","22100","0","0.00","3102","7.12",,,"107945","0.20","1216","5.50"
"006200","한국전자홀딩스 ","2180","15","0.69",,,,,"2169","1.01","0","0.00"
"009540","한국조선해양 ","94600","-1200","-1.25",,,"2436","38.83","154102","0.61","0","0.00"
"023350","한국종합기술 ","7150","160","2.29","591","12.10",,,"12558","0.57","100","1.40"
"025890","한국주강 ","5320","-130","-2.39",,,,,"2654","2.00","0","0.00"
"000970","한국주철관 ","9100","70","0.78","513","17.74",,,"12129","0.75","200","2.20"
"104700","한국철강 ","7740","-10","-0.13",,,"1943","3.98","15132","0.51","200","2.58"
"017960","한국카본 ","10750","0","0.00","1377","7.81","1073","10.02","8656","1.24","180","1.67"
"161890","한국콜마 ","40250","-700","-1.71","7005","5.75","3112","12.93","27257","1.48","345","0.86"
"024720","한국콜마홀딩스 ","19650","-100","-0.51","6123","3.21",,,"29717","0.66","205","1.04"
"161390","한국타이어앤테크놀로지 ","39700","-550","-1.37","3032","13.09","5243","7.57","59556","0.67","650","1.64"
"034830","한국토지신탁 ","2605","15","0.58","364","7.16","458","5.68","3641","0.72","90","3.45"
"007280","한국특강 ","3415","65","1.94","88","38.81",,,"1825","1.87","0","0.00"
"010100","한국프랜지 ","2680","-20","-0.74","379","7.07",,,"7395","0.36","50","1.87"
"047810","한국항공우주 ","32450","0","0.00","766","42.36","978","33.20","12264","2.65","200","0.62"
"123690","한국화장품 ","8710","-90","-1.02",,,,,"1835","4.75","0","0.00"
"003350","한국화장품제조 ","25800","100","0.39",,,,,"9768","2.64","0","0.00"
"011500","한농화성 ","16300","200","1.24","849","19.20",,,"8368","1.95","180","1.10"
"002390","한독 ","22800","0","0.00","1958","11.64",,,"27703","0.82","300","1.32"
"014790","한라 ","5400","40","0.75","1239","4.36","1387","3.89","7489","0.72","100","1.85"
"060980","한라홀딩스 ","45850","-1250","-2.65","4297","10.67","13592","3.37","84687","0.54","2000","4.36"
"053690","한미글로벌 ","12150","250","2.10","974","12.47","2190","5.55","10889","1.12","300","2.47"
"042700","한미반도체 ","37850","850","2.30","1004","37.70","2211","17.12","4992","7.58","400","1.06"
"008930","한미사이언스 ","54200","-800","-1.45","336","161.31",,,"9602","5.64","200","0.37"
"128940","한미약품 ","276000","500","0.18","978","282.21","6360","43.40","59364","4.65","500","0.18"
"009240","한샘 ","92600","-3400","-3.54","3766","24.59","3901","23.74","25832","3.58","1300","1.40"
"020000","한섬 ","35600","-650","-1.79","3873","9.19","4966","7.17","45559","0.78","450","1.26"
"003680","한성기업 ","6430","160","2.55","400","16.08",,,"8130","0.79","0","0.00"
"105630","한세실업 ","21950","400","1.86","1145","19.17","2466","8.90","10534","2.08","500","2.28"
"069640","한세엠케이 ","4025","-155","-3.71",,,"248","16.24","6030","0.67","0","0.00"
"016450","한세예스24홀딩스 ","7420","0","0.00","1385","5.36","1609","4.61","9208","0.81","250","3.37"
"010420","한솔PNS ","1985","5","0.25","144","13.78",,,"2130","0.93","25","1.26"
"009180","한솔로지스틱스 ","3930","-35","-0.88","316","12.44",,,"1989","1.98","50","1.27"
"213500","한솔제지 ","13500","-50","-0.37","2493","5.42","3109","4.34","26670","0.51","700","5.19"
"014680","한솔케미칼 ","305500","-1000","-0.33","11067","27.60","17723","17.24","48977","6.24","1800","0.59"
"004710","한솔테크닉스 ","7810","330","4.41","834","9.36",,,"8683","0.90","0","0.00"
"004150","한솔홀딩스 ","3550","-25","-0.70","1695","2.09","762","4.66","11972","0.30","120","3.38"
"025750","한솔홈데코 ","1685","0","0.00","7","240.71",,,"1918","0.88","0","0.00"
"004960","한신공영 ","15700","-250","-1.57","9155","1.71","5702","2.75","52869","0.30","400","2.55"
"011700","한신기계 ","3640","10","0.28","111","32.79",,,"2538","1.43","35","0.96"
"001750","한양증권 ","15700","150","0.96","3583","4.38","6866","2.29","26489","0.59","750","4.78"
"001755","한양증권우 ","19400","100","0.52",,,,,,,"800","4.12"
"018880","한온시스템 ","13450","-250","-1.82","207","64.98","706","19.04","3967","3.39","320","2.38"
"009420","한올바이오파마 ","21050","-300","-1.41","386","54.53","252","83.62","3470","6.07","0","0.00"
"014130","한익스프레스 ","6320","60","0.96",,,,,"5662","1.12","0","0.00"
"300720","한일시멘트 ","21000","-100","-0.47","1832","11.46","1574","13.34","18779","1.12","510","2.43"
"002220","한일철강 ","2675","10","0.38",,,,,"5895","0.45","0","0.00"
"006390","한일현대시멘트 ","33300","-1000","-2.92","3732","8.92","1773","18.78","15211","2.19","1100","3.30"
"003300","한일홀딩스 ","13500","200","1.50","1571","8.59",,,"43292","0.31","510","3.78"
"051600","한전KPS ","38550","-50","-0.13","1935","19.92","3356","11.49","23371","1.65","1146","2.97"
"052690","한전기술 ","85000","-1100","-1.28","530","160.38","761","111.77","13058","6.51","282","0.33"
"130660","한전산업 ","12200","100","0.83","419","29.12",,,"2553","4.78","208","1.70"
"002320","한진 ","30100","-300","-0.99","575","52.35","3479","8.65","73015","0.41","600","1.99"
"097230","한진중공업 ","8040","200","2.55","940","8.55",,,"3843","2.09","0","0.00"
"003480","한진중공업홀딩스 ","4165","65","1.59",,,,,"11160","0.37","0","0.00"
"180640","한진칼 ","61400","-200","-0.32",,,,,"22665","2.71","0","0.00"
"18064K","한진칼우 ","34500","700","2.07",,,,,,,"0","0.00"
"005110","한창 ","1015","0","0.00",,,,,"544","1.87","0","0.00"
"009460","한창제지 ","2050","10","0.49","177","11.58",,,"1587","1.29","20","0.98"
"372910","한컴라이프케어 ","8870","120","1.37","1967","4.51",,,"1920","4.62","0","0.00"
"000880","한화 ","31400","-400","-1.26","2831","11.09","7928","3.96","46059","0.68","700","2.23"
"00088K","한화3우B ","16000","-100","-0.62",,,,,,,"750","4.69"
"088350","한화생명 ","2935","-75","-2.49","184","15.95","526","5.58","14584","0.20","30","1.02"
"000370","한화손해보험 ","3710","-25","-0.67","315","11.78","1485","2.50","14390","0.26","0","0.00"
"009830","한화솔루션 ","35500","-700","-1.93","1860","19.09","4642","7.65","35699","0.99","0","0.00"
"009835","한화솔루션우 ","36900","0","0.00",,,,,,,"0","0.00"
"272210","한화시스템 ","16000","-100","-0.62","760","21.05","584","27.39","8376","1.91","230","1.44"
"012450","한화에어로스페이스 ","48000","-250","-0.52","2390","20.08","4103","11.70","51308","0.94","600","1.25"
"000885","한화우 ","38700","450","1.18",,,,,,,"750","1.94"
"003530","한화투자증권 ","6390","60","0.95","307","20.81",,,"5707","1.12","0","0.00"
"003535","한화투자증권우 ","13300","-150","-1.12",,,,,,,"0","0.00"
"195870","해성디에스 ","48850","200","0.41","1764","27.69","4920","9.93","13638","3.58","450","0.92"
"101530","해태제과식품 ","7970","-10","-0.13","1035","7.70",,,"9030","0.88","200","2.51"
"143210","핸즈코퍼레이션 ","4995","-45","-0.89",,,,,"13471","0.37","0","0.00"
"000720","현대건설 ","44450","-450","-1.00","1067","41.66","4562","9.74","57894","0.77","600","1.35"
"267270","현대건설기계 ","40550","-750","-1.82",,,"6746","6.01","61841","0.66","0","0.00"
"000725","현대건설우 ","73600","100","0.14",,,,,,,"650","0.88"
"005440","현대그린푸드 ","8570","-130","-1.49","815","10.52","880","9.74","18231","0.47","210","2.45"
"086280","현대글로비스 ","168000","-4000","-2.33","16165","10.39","22168","7.58","135079","1.24","3500","2.08"
"042670","현대두산인프라코어 ","7080","-20","-0.28","503","14.08","862","8.21","7842","0.90","0","0.00"
"064350","현대로템 ","20800","-250","-1.19","326","63.80","687","30.28","12493","1.66","0","0.00"
"079430","현대리바트 ","15150","150","1.00","1322","11.46","706","21.46","23425","0.65","200","1.32"
"012330","현대모비스 ","254500","-6500","-2.49","16389","15.53","31156","8.17","349812","0.73","4000","1.57"
"010620","현대미포조선 ","70000","200","0.29",,,"1940","36.09","58248","1.20","0","0.00"
"069960","현대백화점 ","75100","-400","-0.53","3172","23.68","10554","7.12","182312","0.41","1000","1.33"
"004560","현대비앤지스틸 ","16450","-350","-2.08","1553","10.59",,,"28211","0.58","100","0.61"
"004565","현대비앤지스틸우 ","73400","-100","-0.14",,,,,,,"150","0.20"
"004310","현대약품 ","5950","0","0.00","80","74.38",,,"2817","2.11","43","0.72"
"322000","현대에너지솔루션 ","21400","700","3.38","556","38.49",,,"29352","0.73","200","0.93"
"017800","현대엘리베이 ","41200","-300","-0.72","2389","17.25","2793","14.75","24732","1.67","800","1.94"
"307950","현대오토에버 ","138000","-2000","-1.43","2809","49.13","4011","34.41","26430","5.22","750","0.54"
"011210","현대위아 ","79900","-1000","-1.24","2295","34.81","7547","10.59","114656","0.70","700","0.88"
"267260","현대일렉트릭 ","19900","-300","-1.49",,,"2113","9.42","18841","1.06","0","0.00"
"004020","현대제철 ","41000","-200","-0.49",,,"11290","3.63","122488","0.33","500","1.22"
"329180","현대중공업 ","95200","1500","1.60",,,"488","195.23","75746","1.26","0","0.00"
"267250","현대중공업지주 ","53700","-1000","-1.83",,,"8307","6.46","88804","0.60","3700","6.89"
"005380","현대차 ","209000","-3000","-1.42","5454","38.32","24477","8.54","250888","0.83","3000","1.44"
"005387","현대차2우B ","101000","0","0.00",,,,,,,"3100","3.07"
"005389","현대차3우B ","93300","-1100","-1.17",,,,,,,"3050","3.27"
"005385","현대차우 ","98500","-1500","-1.50",,,,,,,"3050","3.10"
"001500","현대차증권 ","12350","0","0.00","2739","4.51",,,"27500","0.45","675","5.47"
"011760","현대코퍼레이션 ","16800","50","0.30","3980","4.22","3317","5.07","23665","0.71","600","3.57"
"227840","현대코퍼레이션홀딩스 ","11900","-150","-1.24","2063","5.77","2505","4.75","19321","0.62","500","4.20"
"126560","현대퓨처넷 ","4215","-45","-1.06",,,,,"6121","0.69","80","1.90"
"001450","현대해상 ","22950","-450","-1.92","3955","5.80","4418","5.19","53743","0.43","1000","4.36"
"057050","현대홈쇼핑 ","63400","-400","-0.63","9814","6.46","13996","4.53","149799","0.42","2200","3.47"
"093240","형지엘리트 ","3755","130","3.59",,,,,"1933","1.94","0","0.00"
"003010","혜인 ","5710","10","0.18","484","11.80",,,"8434","0.68","120","2.10"
"111110","호전실업 ","10150","0","0.00",,,"1929","5.26","12387","0.82","200","1.97"
"008770","호텔신라 ","78000","-300","-0.38",,,"3280","23.78","15588","5.00","200","0.26"
"008775","호텔신라우 ","76700","200","0.26",,,,,,,"250","0.33"
"002460","화성산업 ","12600","-100","-0.79","2742","4.60",,,"31644","0.40","650","5.16"
"378850","화승알앤에이 ","5140","-20","-0.39",,,,,,,"0","0.00"
"241590","화승엔터프라이즈 ","16850","450","2.74","662","25.45","1330","12.67","8554","1.97","45","0.27"
"006060","화승인더 ","6100","-10","-0.16","698","8.74",,,"6374","0.96","188","3.08"
"013520","화승코퍼레이션 ","2055","0","0.00",,,,,"3196","0.64","25","1.22"
"010690","화신 ","8320","-130","-1.54",,,"1346","6.18","7321","1.14","50","0.60"
"133820","화인베스틸 ","3045","45","1.50",,,,,"2583","1.18","0","0.00"
"010660","화천기계 ","2665","55","2.11",,,,,"5464","0.49","0","0.00"
"000850","화천기공 ","34250","-450","-1.30","2053","16.68",,,"134620","0.25","750","2.19"
"016580","환인제약 ","17800","150","0.85","1532","11.62","1484","12.00","15920","1.12","300","1.69"
"032560","황금에스티 ","8450","90","1.08","1048","8.06",,,"17074","0.49","100","1.18"
"004800","효성 ","94700","-2200","-2.27",,,"18058","5.24","105988","0.89","5000","5.28"
"094280","효성ITX ","20000","-50","-0.25","1067","18.74",,,"3977","5.03","750","3.75"
"298040","효성중공업 ","58300","-100","-0.17",,,"9191","6.34","94759","0.62","0","0.00"
"298050","효성첨단소재 ","596000","-3000","-0.50","18","33111.11","66117","9.01","69831","8.53","0","0.00"
"298020","효성티앤씨 ","521000","-8000","-1.51","31698","16.44","150547","3.46","138867","3.75","5000","0.96"
"298000","효성화학 ","303500","-2500","-0.82",,,"58702","5.17","126125","2.41","0","0.00"
"093370","후성 ","23100","550","2.44","65","355.38","1342","17.21","2350","9.83","0","0.00"
"081660","휠라홀딩스 ","35850","500","1.41","2306","15.55","4704","7.62","21274","1.69","185","0.52"
"005870","휴니드 ","8590","-240","-2.72","432","19.88",,,"8452","1.02","0","0.00"
"079980","휴비스 ","8590","-40","-0.46","2497","3.44",,,"13659","0.63","300","3.49"
"005010","휴스틸 ","14550","300","2.11","1134","12.83",,,"54380","0.27","200","1.37"
"069260","휴켐스 ","23150","-200","-0.86","1292","17.92",,,"16351","1.42","1000","4.32"
"000540","흥국화재 ","3600","25","0.70","268","13.43",,,"11107","0.32","0","0.00"
"000547","흥국화재2우B ","27700","250","0.91",,,,,,,"0","0.00"
"000545","흥국화재우 ","8070","20","0.25",,,,,,,"0","0.00"
"003280","흥아해운 ","2700","-15","-0.55",,,,,,,"0","0.00"